킹스맨: 퍼스트 에이전트,159893
웨스트 사이드 스토리,180429
뮬란,167491
뉴 뮤턴트,164299
온워드: 단 하루의 기적,187351
언더워터,160437
콜 오브 와일드,192147
프리 가이,190324
조조 래빗,187308
스파이 지니어스,172780
스타워즈: 라이즈 오브 스카이워커,144694
포드 V 페라리,181710
겨울왕국 2,136873
터미네이터: 다크 페이트,167605
말레피센트 2,167635
라이온 킹,169637
토이 스토리 4,101966
알라딘,163788
어벤져스: 엔드게임,136900
덤보,163787
캡틴 마블,132623
메리 포핀스 리턴즈,151151
글래스,163826
주먹왕 랄프 2: 인터넷 속으로,152632
호두까기 인형과 4개의 왕국,158622
번 더 스테이지: 더 무비,176354
곰돌이 푸 다시 만나 행복해,168023
인크레더블 2,136990
앤트맨과 와스프,144330
한 솔로: 스타워즈 스토리,144693
어벤져스: 인피니티 워,136315
블랙 팬서,137326
시간의 주름,152672
리틀 프린세스 소피아 : 진정한 용기,180823
코코,151728
스타워즈: 라스트 제다이,125488
토르: 라그나로크,134898
리틀 프린세스 소피아: 신비한 섬,165514
카3: 새로운 도전,152396
캐리비안의 해적: 죽은 자는 말이 없다,82473
미녀와 야수,136872
리틀 프린세스 소피아: 엘레나와 비밀의 아발로 왕국,161374
모아나,130849
로그 원: 스타워즈 스토리,136868
닥터 스트레인지,125459
피터와 드래곤,134847
마이 리틀 자이언트,137340
도리를 찾아서,97629
캡틴 아메리카: 시빌 워,122527
스타워즈: 깨어난 포스,100072
퓨리,107928
인보카머스,99792
비행기2: 소방구조대,114146
가디언즈 오브 갤럭시,97857
천국에 다녀온 소년,111486
말레피센트,92003
어메이징 스파이더맨 2,94187
니드 포 스피드,100206
캡틴 아메리카: 윈터 솔져,96327
로보캅,66026
세이빙 MR.뱅크스,98275
겨울왕국,100931
배틀 오브 비보이,96982
비행기,100935
인시디어스: 두번째 집,101700
하늘에서 음식이 내린다면 2,100950
투건스,93744
토르: 다크 월드,95873
캡틴 필립스,97696
몬스터 대학교,75415
엘리시움,56247
개구쟁이 스머프 2,87216
론 레인저,92068
화이트 하우스 다운,95877
애프터 어스,90597
아이언맨 3,70254
오즈 그레이트 앤드 파워풀,86866
제5계급,102054
장고:분노의 추적자,87311
몬스터 호텔,87305
주먹왕 랄프,87307
프랑켄위니,76956
메리다와 마법의 숲,76691
토탈 리콜,85702
레스트리스,76441
니모를 찾아서 3D,32116
몬스터 주식회사 3D,32112
존 카터: 바숨 전쟁의 서막,86784
이상한 나라의 앨리스,50163
보이스터,141612
릴로&스티치,93921
미녀와 야수,13172
